address,name
대한민국 서울특별시 용산구 동자동 청파로 378,서울역
대한민국 서울특별시 중구 소공동 지하 101,시청
대한민국 서울특별시,종각
대한민국 서울특별시 종로1.2.3.4가동,종로3가
대한민국 서울특별시,종로5가
err,동대문
err,동대문
대한민국 서울특별시 신설동,신설동
대한민국 서울특별시 동대문구 용두동,제기동
대한민국 서울특별시 전농1동,청량리
대한민국 서울특별시 숭인2동,동묘앞
대한민국 서울특별시 중구 소공동 지하 101,시청
대한민국 서울특별시 중구 을지로동 42,을지로입구
대한민국 서울특별시 을지로3가,을지로3가
대한민국 서울특별시 을지로동,을지로4가
대한민국 서울특별시 중구 을지로동 279,동대문역사문화공원
대한민국 서울특별시 동대문구 황학동,신당
대한민국 서울특별시,상왕십리
err,왕십리
대한민국 서울특별시 사근동,한양대
대한민국 서울특별시 성수1가2동,뚝섬
"Tehran, Seoul, 133-120 이란",성수
대한민국 서울특별시 화양동,건대입구
대한민국 서울특별시 광진구 자양2동 216-22,구의
대한민국 서울특별시 광진구 구의3동 강변역로 53,강변
대한민국 경기도 부천시 소사동,잠실나루
대한민국 서울특별시 잠실6동,잠실
대한민국 서울특별시 잠실동,신천
대한민국 서울특별시 잠실7동,종합운동장
대한민국 서울특별시 강남구,삼성
대한민국 서울특별시 역삼동,선릉
대한민국 서울특별시 강남구,역삼
대한민국 서울특별시,강남
대한민국 서울특별시 서초동,교대
대한민국 서울특별시 서초3동,서초
대한민국 서울특별시 서초구,방배
대한민국 서울특별시,사당
대한민국 서울특별시 봉천동,낙성대
대한민국 서울특별시 봉천동,서울대입구
대한민국 서울특별시 봉천동,봉천
대한민국 서울특별시 관악구,신림
대한민국 서울특별시,신대방
대한민국 서울특별시 구로구 대림2동 도림천로 477,구로디지털단지
대한민국 서울특별시 영등포구,대림
대한민국 서울특별시 구로구 신도림동,신도림
대한민국 서울특별시 영등포구,문래
대한민국 서울특별시 영등포구 당산동3가 당산로 123,영등포구청
대한민국 서울특별시 당산2동,당산
대한민국 서울특별시 마포구 합정동,합정
대한민국 서울특별시 동교동,홍대입구
대한민국 서울특별시 서대문구,신촌
대한민국 서울특별시,이대
대한민국 서울특별시,아현
대한민국 서울특별시 서대문구 충현동,충정로
대한민국 서울특별시 사근동,용답
대한민국 서울특별시,신답
대한민국 서울특별시 신설동,신설동
대한민국 서울특별시 신도림동,도림천
대한민국 서울특별시 신정7동,양천구청
대한민국 서울특별시 신정동,신정네거리
대한민국 서울특별시 용두동,용두
대한민국 고양시 지축동,지축
대한민국 서울특별시 진관동,구파발
대한민국 서울특별시 갈현1동,연신내
대한민국 서울특별시 은평구,불광
대한민국 서울특별시,녹번
대한민국 서울특별시 홍제동,홍제
대한민국 서울특별시 홍제동,무악재
대한민국 서울특별시,독립문
대한민국 서울특별시 종로구 종로1.2.3.4가동 사직로 161,경복궁
대한민국 서울특별시,안국
대한민국 서울특별시 종로1.2.3.4가동,종로3가
대한민국 서울특별시 을지로3가,을지로3가
대한민국 서울특별시 장충동2가,동대입구
대한민국 서울특별시 신당동,약수
대한민국 강원도 속초시,금호
대한민국 서울특별시 성동구 옥수동,옥수
대한민국 서울특별시 강남구,압구정
대한민국 서울특별시 강남구,신사
대한민국 서울특별시 잠원동,잠원
대한민국 서울특별시 서초구 반포동 신반포로 194,고속터미널
대한민국 서울특별시 서초동,교대
대한민국 서울특별시 서초동,남부터미널
대한민국 서울특별시 양재1동,양재
대한민국 서울특별시 도곡동,매봉
대한민국 서울특별시,도곡
대한민국 서울특별시 대치동,대치
대한민국 서울특별시 대치2동,학여울
대한민국 서울특별시 일원2동,대청
대한민국 서울특별시 일원동,일원
대한민국 서울특별시 수서동,수서
대한민국 서울특별시 송파구,가락시장
대한민국 서울특별시 가락2동,경찰병원
대한민국 서울특별시,오금
대한민국 서울특별시 상계3.4동,당고개
대한민국 서울특별시 노원구,상계
대한민국 서울특별시 상계6.7동,노원
대한민국 서울특별시 도봉구,창동
대한민국 서울특별시 도봉구,쌍문
대한민국 서울특별시,수유
대한민국 서울특별시 미아동,미아
대한민국 서울특별시 미아동,미아사거리
대한민국 서울특별시 성북구,길음
대한민국 서울특별시 동선동,성신여대입구
대한민국 서울특별시,한성대입구
대한민국 서울특별시 종로구,혜화
err,동대문
대한민국 서울특별시 중구 을지로동 279,동대문역사문화공원
대한민국 서울특별시 필동2가,충무로
대한민국 서울특별시 명동,명동
err,회현
대한민국 서울특별시 용산구 동자동 청파로 378,서울역
대한민국 서울특별시,숙대입구
대한민국 서울특별시 한강로1가,삼각지
대한민국 서울특별시 한강로2가,신용산
대한민국 서울특별시 용산구,이촌
대한민국 서울특별시 동작동,동작
대한민국 서울특별시 사당2동,총신대입구
대한민국 서울특별시,사당
대한민국 서울특별시,남태령
대한민국 서울특별시 강서구,방화
대한민국 서울특별시 방화동,개화산
대한민국 서울특별시 방화2동,김포공항
대한민국 서울특별시 공항동,송정
대한민국 서울특별시 가양1동,마곡
대한민국 서울특별시,발산
대한민국 서울특별시,우장산
대한민국 서울특별시 강서구,화곡
대한민국 서울특별시 화곡동,까치산
대한민국 서울특별시 신정4동,신정
대한민국 서울특별시,목동
대한민국 서울특별시 목1동,오목교
대한민국 양평군 양평읍,양평
대한민국 서울특별시 영등포구 당산동3가 당산로 123,영등포구청
대한민국 서울특별시 영등포동,영등포시장
대한민국 서울특별시,신길
대한민국 서울특별시 여의도동,여의도
대한민국 서울특별시 여의도동,여의나루
대한민국 서울특별시 도화동,마포
대한민국 서울특별시,공덕
대한민국 서울특별시 공덕동,애오개
대한민국 서울특별시 서대문구 충현동,충정로
대한민국 서울특별시 충정로2가,서대문
대한민국 서울특별시,광화문
대한민국 서울특별시 종로1.2.3.4가동,종로3가
대한민국 서울특별시 을지로동,을지로4가
대한민국 서울특별시 중구 을지로동 279,동대문역사문화공원5
대한민국 서울특별시 신당동,청구
대한민국 서울특별시,신금호
대한민국 서울특별시 사근동,행당
err,왕십리
대한민국 서울특별시 마장동,마장
대한민국 서울특별시 답십리1동,답십리
대한민국 서울특별시 동대문구,장한평
대한민국 서울특별시,군자
대한민국 서울특별시 구의2동,아차산
대한민국 서울특별시 광장동,광나루
대한민국 서울특별시 강동구,천호
대한민국 서울특별시,강동
대한민국 서울특별시 길동,길동
대한민국 서울특별시,굽은다리
대한민국 서울특별시 강동구,명일
대한민국 서울특별시,고덕
대한민국 서울특별시 상일동,상일동
대한민국 서울특별시,둔촌동
대한민국 서울특별시 방이동,올림픽공원
대한민국 서울특별시 송파구,방이
대한민국 서울특별시,오금
대한민국 서울특별시 가락2동,개롱
대한민국 서울특별시 송파구,거여
대한민국 서울특별시 마천1동,마천
대한민국 서울특별시,응암
대한민국 서울특별시 은평구 역촌동,역촌
대한민국 서울특별시 은평구,불광
대한민국 서울특별시 불광동,독바위
대한민국 서울특별시 역촌동,구산
대한민국 서울특별시 신사2동,새절
대한민국 서울특별시 증산동,증산
대한민국 서울특별시,디지털미디어시티
대한민국 서울특별시 성산2동,월드컵경기장
대한민국 서울특별시 성산2동,마포구청
대한민국 서울특별시 마포구,망원
대한민국 서울특별시 마포구 합정동,합정
대한민국 서울특별시 마포구,상수
대한민국 서울특별시,광흥창
대한민국 서울특별시 대흥동,대흥
대한민국 서울특별시,공덕
대한민국 서울특별시,효창공원앞
대한민국 서울특별시 한강로1가,삼각지
대한민국 서울특별시 용산2가동,녹사평
대한민국 서울특별시 용산구 이태원1동 녹사평대로46길 16,이태원
대한민국 서울특별시 한남동,한강진
대한민국 서울특별시 신당동,버티고개
대한민국 서울특별시 신당동,약수
대한민국 서울특별시 신당동,청구
대한민국 서울특별시 동대문구 황학동,신당
대한민국 서울특별시 숭인2동,동묘앞
대한민국 서울특별시 창신3동,창신
대한민국 서울특별시 성북구,보문
대한민국 서울특별시 성북구,안암
대한민국 서울특별시 종암동,고려대
대한민국 서울특별시 월곡2동,월곡
대한민국 서울특별시 상월곡동,상월곡
대한민국 서울특별시,돌곶이
대한민국 서울특별시,석계
대한민국 서울특별시 공릉1동,태릉입구
대한민국 서울특별시 공릉2동,화랑대
대한민국 서울특별시 중랑구,봉화산
대한민국 의정부시 장암동,장암
대한민국 서울특별시 도봉동,도봉산
대한민국 서울특별시 상계1동,수락산
대한민국 서울특별시 상계동,마들
대한민국 서울특별시 상계6.7동,노원
대한민국 서울특별시 노원구,중계
대한민국 서울특별시 노원구,하계
대한민국 서울특별시 노원구,공릉
대한민국 서울특별시 공릉1동,태릉입구
대한민국 서울특별시 묵동,먹골
대한민국 서울특별시 중랑구,중화
대한민국 서울특별시 상봉2동,상봉
대한민국 서울특별시 면목동,면목
대한민국 서울특별시 면목동,사가정
대한민국 서울특별시 면목4동,용마산
대한민국 서울특별시 중곡3동,중곡
대한민국 서울특별시,군자
대한민국 서울특별시 군자동,어린이대공원
대한민국 서울특별시 화양동,건대입구
대한민국 서울특별시 광진구 자양동 능동로 10,뚝섬유원지
대한민국 서울특별시,청담
대한민국 서울특별시,강남구청
대한민국 서울특별시 강남구,학동
대한민국 서울특별시,논현
대한민국 서울특별시 잠원동,반포
대한민국 서울특별시 서초구 반포동 신반포로 194,고속터미널
대한민국 서울특별시 방배동,내방
대한민국 서울특별시 사당2동,이수
대한민국 서울특별시 동작구,남성
대한민국 서울특별시 상도1동,숭실대입구
대한민국 서울특별시 동작구,상도
대한민국 서울특별시 상도2동,장승배기
대한민국 서울특별시 대방동,신대방삼거리
대한민국 서울특별시,보라매
대한민국 서울특별시 신길동,신풍
대한민국 서울특별시 영등포구,대림
대한민국 서울특별시,남구로
대한민국 서울특별시,가산디지털단지
대한민국 경기도,철산
대한민국 광명시 광명동,광명사거리
대한민국 서울특별시 오류2동,천왕
대한민국 서울특별시 수궁동,온수
대한민국 경기도 부천시 원미구 성곡동 길주로,까치울
대한민국 부천시 춘의동,부천종합운동장
대한민국 부천시 춘의동,춘의
대한민국 부천시 중3동,신중동
대한민국 경기도 부천시 원미구 중동 길주로,부천시청
대한민국 경기도 부천시 원미구 중동 부천시 보건소,상동
대한민국,삼산체육관
대한민국 인천광역시 갈산2동,굴포천
대한민국 인천광역시,부평구청
대한민국 서울특별시 강동구,암사
대한민국 서울특별시 강동구,천호
대한민국 서울특별시 강동구 성내1동 성내로 25,강동구청
대한민국 서울특별시,몽촌토성
대한민국 서울특별시 잠실6동,잠실
대한민국 서울특별시 송파1동,석촌
대한민국 서울특별시,송파
대한민국 서울특별시 송파구,가락시장
대한민국 서울특별시 송파구,문정
대한민국 서울특별시 문정2동,장지
대한민국 서울특별시 장지동,복정
대한민국 성남시 신흥동,산성
대한민국 성남시 단대동,남한산성입구
대한민국 성남시,단대오거리
대한민국 성남시 신흥3동,신흥
대한민국 성남시 신흥1동,수진
대한민국 성남시 성남동,모란
대한민국 서울특별시 잠실동,잠실새내
대한민국 서울특별시 성북구,보문
대한민국 서울특별시 갈현1동,연신내
